customer_id,customer_name,gender,age,city,signup_date
1,Taimur Desai,Other,25,Hyderabad,2024-09-01
2,Reyansh Dhillon,Male,32,Bangalore,2024-03-08
3,Arhaan Kannan,Other,52,Hyderabad,2025-07-21
4,Baiju Chauhan,Female,20,Hyderabad,2024-02-28
5,Emir Madan,Male,32,Delhi,2025-08-02
6,Lakshay Agate,Male,53,Bangalore,2025-09-20
7,Indrans Bhargava,Other,52,Mumbai,2024-07-07
8,Raghav Sahni,Female,55,Chennai,2023-12-01
9,Kabir Deep,Male,45,Chennai,2024-09-04
10,Ahana  Dugal,Male,31,Chennai,2024-03-08
11,Renee Dutta,Male,42,Hyderabad,2024-11-26
12,Uthkarsh Arya,Female,56,Chennai,2024-01-08
13,Yasmin Rajagopal,Other,47,Delhi,2024-03-31
14,Mishti Bawa,Female,23,Delhi,2024-09-20
15,Shayak Wali,Other,57,Chennai,2025-07-08
16,Seher Gola,Male,22,Hyderabad,2025-10-02
17,Shray Grover,Male,36,Hyderabad,2024-07-20
18,Anay Sachdeva,Male,42,Chennai,2025-03-03
19,Indranil Dua,Other,41,Bangalore,2024-12-08
20,Madhav Verma,Female,31,Chennai,2025-11-12
21,Pihu Lalla,Other,59,Hyderabad,2025-08-09
22,Ishaan Bumb,Other,28,Delhi,2024-08-01
23,Damini Gera,Male,47,Mumbai,2024-08-27
24,Mahika Karnik,Other,53,Bangalore,2025-10-26
25,Jivin Deol,Female,21,Bangalore,2023-12-27
26,Amira Loyal,Female,43,Chennai,2024-01-31
27,Ira Wali,Male,54,Chennai,2024-06-29
28,Divit Dani,Other,49,Mumbai,2025-09-13
29,Zoya Rau,Female,27,Chennai,2024-04-15
30,Lagan Sachdeva,Male,53,Delhi,2024-08-20
31,Anya Shah,Other,55,Mumbai,2025-07-14
32,Tejas Khanna,Female,41,Bangalore,2024-04-14
33,Krish Som,Other,49,Hyderabad,2024-01-12
34,Pihu Issac,Male,27,Bangalore,2025-10-21
35,Sumer Sahni,Female,56,Hyderabad,2024-12-23
36,Rania Char,Female,56,Mumbai,2025-05-19
37,Abram Borra,Female,53,Hyderabad,2025-10-21
38,Nayantara Wali,Other,25,Delhi,2024-08-24
39,Mehul Gupta,Other,39,Hyderabad,2024-09-20
40,Vihaan Basak,Female,28,Mumbai,2023-11-28
41,Rati Kannan,Other,34,Delhi,2024-05-25
42,Jiya Mann,Other,24,Chennai,2025-09-09
43,Samarth Mahajan,Other,56,Bangalore,2024-04-29
44,Alisha Korpal,Female,28,Delhi,2025-05-21
45,Adah Ahluwalia,Male,56,Chennai,2025-04-08
46,Miraan Ramakrishnan,Male,25,Chennai,2024-10-04
47,Ritvik Madan,Male,21,Bangalore,2025-06-27
48,Nayantara Lanka,Male,23,Mumbai,2024-02-03
49,Adah Bassi,Other,26,Bangalore,2025-09-30
50,Dhruv Basak,Female,53,Bangalore,2024-08-22
51,Saanvi Chatterjee,Other,56,Mumbai,2024-06-28
52,Yakshit Apte,Other,30,Chennai,2025-01-06
53,Lakshay Sharma,Other,59,Chennai,2025-02-15
54,Kismat Iyengar,Other,46,Hyderabad,2024-08-04
55,Romil Agarwal,Male,22,Chennai,2023-12-16
56,Aarush Varma,Other,53,Bangalore,2025-07-19
57,Himmat Behl,Male,18,Hyderabad,2025-11-18
58,Ojas Chaudry,Other,21,Bangalore,2024-02-02
59,Rania Rajagopalan,Male,39,Hyderabad,2025-05-04
60,Aayush Vasa,Male,35,Mumbai,2024-07-01
61,Biju Viswanathan,Other,26,Delhi,2025-07-07
62,Hazel Majumdar,Female,33,Mumbai,2025-01-14
63,Zara Chada,Male,24,Hyderabad,2025-09-29
64,Ojas Sodhi,Female,40,Mumbai,2025-01-18
65,Ivana Salvi,Female,21,Hyderabad,2024-01-26
66,Prisha Sami,Female,39,Hyderabad,2024-08-05
67,Aarav Bansal,Male,30,Delhi,2025-02-26
68,Madhup Raj,Male,45,Bangalore,2024-09-05
69,Hrishita Dash,Female,33,Hyderabad,2025-02-20
70,Anya Gupta,Other,24,Hyderabad,2025-09-22
71,Nirvaan Sunder,Other,18,Hyderabad,2024-07-24
72,Neelofar Sama,Male,44,Mumbai,2025-03-31
73,Advika Date,Male,43,Hyderabad,2024-05-11
74,Sara Raju,Female,18,Mumbai,2024-08-22
75,Lakshay Jani,Female,36,Mumbai,2025-11-07
76,Lavanya Goel,Other,53,Mumbai,2024-05-01
77,Nirvi Chaudhari,Male,36,Bangalore,2024-01-23
78,Hazel Bhardwaj,Other,52,Hyderabad,2024-10-11
79,Damini Din,Male,21,Delhi,2025-03-27
80,Alisha Choudhry,Other,51,Bangalore,2024-01-22
81,Tiya Goswami,Other,23,Bangalore,2024-02-03
82,Tushar Dara,Other,22,Bangalore,2025-01-11
83,Anahita Setty,Male,54,Bangalore,2025-07-09
84,Vanya Ahuja,Other,20,Delhi,2024-02-16
85,Devansh Baral,Female,60,Delhi,2025-06-25
86,Sara Varma,Other,38,Chennai,2024-06-21
87,Kartik Chaudhuri,Other,38,Bangalore,2024-08-22
88,Manjari Batta,Female,26,Chennai,2025-03-07
89,Jayant Tak,Female,22,Hyderabad,2025-03-08
90,Renee Sunder,Other,54,Hyderabad,2024-02-08
91,Badal Zacharia,Other,31,Delhi,2024-08-22
92,Mehul Koshy,Male,40,Hyderabad,2024-08-01
93,Lakshay Sagar,Female,36,Bangalore,2025-02-15
94,Eva Gupta,Other,37,Delhi,2025-09-24
95,Kimaya Sehgal,Other,18,Delhi,2024-09-26
96,Damini Kala,Other,24,Bangalore,2024-08-21
97,Hridaan Ram,Male,24,Delhi,2024-05-02
98,Gokul Tandon,Female,36,Delhi,2024-06-27
99,Heer Som,Other,39,Bangalore,2025-10-28
100,Anaya Jaggi,Other,34,Delhi,2025-04-08
101,Jayant Barad,Female,21,Hyderabad,2025-09-04
102,Advika Rajan,Female,35,Hyderabad,2023-11-28
103,Rati Suresh,Female,26,Chennai,2024-05-08
104,Azad Kalla,Other,46,Delhi,2025-11-16
105,Yashvi Arora,Female,53,Hyderabad,2024-03-18
106,Misha Devan,Male,27,Delhi,2023-12-31
107,Vanya Guha,Female,55,Delhi,2024-04-24
108,Jiya Tailor,Female,26,Hyderabad,2024-10-05
109,Emir Shetty,Female,20,Chennai,2024-06-27
110,Raunak Lad,Other,33,Hyderabad,2024-11-21
111,Alisha Sangha,Other,44,Delhi,2024-05-01
112,Aarush Jha,Male,28,Bangalore,2025-01-20
113,Yakshit Kannan,Male,29,Chennai,2025-01-19
114,Bhamini Khosla,Other,33,Chennai,2024-05-06
115,Anvi Sane,Other,24,Mumbai,2024-01-03
116,Tejas Krishna,Female,32,Bangalore,2025-03-10
117,Divij Choudhary,Female,37,Bangalore,2024-07-10
118,Zaina Balakrishnan,Male,60,Bangalore,2025-01-06
119,Raunak Ahluwalia,Female,35,Hyderabad,2024-09-05
120,Dhruv Hayer,Female,59,Delhi,2025-01-07
121,Vihaan Basak,Other,52,Chennai,2023-12-23
122,Amira Rajagopalan,Male,34,Bangalore,2025-07-11
123,Rati Deol,Female,20,Hyderabad,2025-07-27
124,Dishani Dasgupta,Female,40,Chennai,2025-02-13
125,Miraan Dhawan,Other,50,Hyderabad,2024-12-23
126,Aaryahi Tiwari,Other,30,Chennai,2024-01-09
127,Bhamini Bhattacharyya,Other,45,Hyderabad,2025-05-10
128,Manikya Borde,Other,60,Bangalore,2024-12-01
129,Sara Gupta,Female,22,Chennai,2025-08-24
130,Yashvi Gera,Female,60,Hyderabad,2024-09-27
131,Ryan Comar,Other,37,Mumbai,2024-10-24
132,Vaibhav Aurora,Female,36,Delhi,2024-04-03
133,Kashvi Raju,Male,44,Mumbai,2025-10-18
134,Charvi Sabharwal,Other,29,Delhi,2025-06-29
135,Keya Khatri,Female,43,Delhi,2023-11-25
136,Aradhya Bava,Female,36,Bangalore,2025-02-07
137,Pari Rajan,Other,56,Chennai,2025-03-15
138,Anya Bumb,Female,46,Bangalore,2025-05-01
139,Umang Dugar,Female,28,Hyderabad,2024-09-10
140,Purab Chada,Other,60,Delhi,2024-11-02
141,Jayan Bhardwaj,Male,33,Chennai,2024-07-12
142,Tara Ravi,Male,27,Hyderabad,2024-01-11
143,Lavanya Suri,Male,48,Delhi,2024-02-07
144,Tarini Sandhu,Female,44,Delhi,2024-06-11
145,Adah Kant,Other,42,Mumbai,2025-01-07
146,Seher Rajagopalan,Male,27,Hyderabad,2024-03-13
147,Gatik Rama,Female,32,Bangalore,2025-11-06
148,Lakshit Vohra,Other,47,Hyderabad,2025-06-17
149,Samaira Chaudry,Male,25,Mumbai,2024-04-09
150,Indrans Tripathi,Female,60,Delhi,2025-06-19
151,Pari Tata,Other,38,Mumbai,2025-08-13
152,Raghav Madan,Other,50,Mumbai,2025-06-08
153,Reyansh Ranganathan,Female,28,Mumbai,2025-02-27
154,Neelofar Guha,Female,33,Chennai,2025-05-11
155,Dhanuk Goel,Female,58,Bangalore,2024-09-01
156,Vihaan Kata,Female,22,Chennai,2024-07-22
157,Mamooty Dani,Female,39,Chennai,2025-05-31
158,Baiju Anand,Male,26,Bangalore,2024-07-18
159,Kaira Manda,Female,27,Bangalore,2024-01-29
160,Anaya Mander,Female,44,Chennai,2025-06-02
161,Samiha Acharya,Female,44,Hyderabad,2024-06-23
162,Anaya Tripathi,Female,42,Delhi,2025-11-06
163,Neysa Saran,Male,54,Mumbai,2025-03-27
164,Ira Virk,Male,40,Chennai,2024-12-28
165,Vritika Chada,Female,52,Delhi,2025-08-03
166,Indranil Mallick,Male,49,Bangalore,2024-08-30
167,Indrans Brahmbhatt,Female,49,Hyderabad,2024-12-27
168,Baiju Mandal,Female,60,Mumbai,2024-05-12
169,Parinaaz Kata,Female,26,Delhi,2025-05-24
170,Mehul Warrior,Male,43,Delhi,2025-06-24
171,Mohanlal Bumb,Other,19,Hyderabad,2025-09-13
172,Biju Sachdev,Female,26,Mumbai,2024-05-29
173,Kimaya Swaminathan,Male,34,Mumbai,2024-10-25
174,Kabir Basak,Male,47,Chennai,2024-11-04
175,Jayan Saraf,Female,35,Mumbai,2024-08-09
176,Aniruddh Lad,Male,48,Hyderabad,2025-05-30
177,Shanaya Soni,Male,40,Bangalore,2025-09-20
178,Chirag Kamdar,Male,59,Hyderabad,2023-12-26
179,Advik Varghese,Male,30,Hyderabad,2025-08-22
180,Ranbir Sandhu,Male,33,Bangalore,2025-03-23
181,Tanya Chand,Other,25,Delhi,2024-07-05
182,Purab Chaudhari,Female,34,Chennai,2024-05-14
183,Manjari Deol,Other,56,Hyderabad,2024-05-10
184,Sana Rajagopal,Female,24,Delhi,2023-12-21
185,Kiaan Karnik,Female,54,Mumbai,2025-01-04
186,Nitya Sama,Other,30,Hyderabad,2025-07-23
187,Madhup Khatri,Other,58,Bangalore,2024-03-08
188,Samar Tak,Other,37,Delhi,2024-03-27
189,Miraya Chakraborty,Other,20,Chennai,2025-05-23
190,Vanya Kohli,Female,60,Chennai,2024-02-03
191,Ivan Sampath,Other,59,Chennai,2023-12-07
192,Madhup Tripathi,Female,49,Hyderabad,2025-02-10
193,Tushar Sane,Female,58,Mumbai,2025-11-18
194,Vidur Baria,Male,45,Bangalore,2025-05-12
195,Shayak Srinivasan,Other,35,Delhi,2025-05-29
196,Amira Iyer,Female,47,Mumbai,2025-07-23
197,Tiya Sehgal,Female,38,Bangalore,2024-02-21
198,Nayantara Jani,Female,46,Bangalore,2025-03-14
199,Kashvi De,Other,57,Mumbai,2024-11-03
200,Anya Andra,Male,49,Chennai,2024-05-29
201,Onkar Seshadri,Female,31,Chennai,2024-08-15
202,Yuvraj  Chada,Female,35,Delhi,2025-11-12
203,Mahika Dâ€™Alia,Female,53,Hyderabad,2025-05-07
204,Vritika Rajagopalan,Male,23,Bangalore,2025-01-14
205,Hunar Varty,Female,53,Bangalore,2025-11-01
206,Saira Arya,Female,59,Mumbai,2025-02-25
207,Renee Sant,Male,23,Chennai,2024-07-08
208,Hridaan Basu,Female,33,Chennai,2025-10-04
209,Arnav Mann,Other,41,Mumbai,2025-06-13
210,Anay Srivastava,Other,40,Mumbai,2025-06-10
211,Charvi Gole,Female,40,Mumbai,2024-08-28
212,Vaibhav Buch,Female,34,Bangalore,2024-03-27
213,Priyansh Choudhury,Other,30,Chennai,2024-03-26
214,Taimur Samra,Other,52,Bangalore,2024-06-08
215,Miraya Rattan,Male,48,Chennai,2025-07-20
216,Lakshit Vig,Other,56,Chennai,2024-03-06
217,Indranil Keer,Male,36,Bangalore,2024-11-28
218,Kismat Char,Male,37,Hyderabad,2025-11-19
219,Myra Singhal,Other,26,Chennai,2024-01-10
220,Anahi Sahota,Male,53,Chennai,2025-11-08
221,Mishti Shah,Male,58,Mumbai,2024-03-09
222,Fateh Edwin,Male,54,Chennai,2025-03-19
223,Heer Ben,Female,46,Chennai,2024-05-31
224,Kashvi Chaudhari,Male,34,Mumbai,2024-03-20
225,Pihu Joshi,Male,43,Mumbai,2024-02-08
226,Vaibhav Mannan,Other,58,Hyderabad,2024-04-28
227,Divyansh Das,Male,54,Chennai,2024-02-20
228,Kashvi Venkatesh,Male,25,Delhi,2025-01-24
229,Rohan Tank,Other,56,Delhi,2024-07-13
230,Zaina Gaba,Other,42,Mumbai,2025-02-20
231,Dishani Dara,Female,55,Mumbai,2024-10-02
232,Ahana  Banerjee,Other,57,Hyderabad,2025-08-10
233,Ahana  Batra,Other,24,Bangalore,2025-08-26
234,Aarush Sodhi,Male,34,Hyderabad,2024-05-03
235,Kartik Saraf,Male,29,Delhi,2024-02-09
236,Nirvi Sehgal,Male,18,Mumbai,2025-02-28
237,Mohanlal Sandal,Other,56,Mumbai,2024-09-18
238,Lakshit Zacharia,Male,32,Chennai,2025-11-17
239,Aaina Gole,Female,47,Hyderabad,2025-10-28
240,Mahika Bhalla,Male,34,Delhi,2025-10-02
241,Taran Chaudhuri,Male,45,Hyderabad,2025-06-04
242,Ayesha Agate,Male,59,Bangalore,2024-08-23
243,Anya Rao,Male,22,Hyderabad,2024-05-12
244,Rasha Rajagopalan,Female,56,Delhi,2024-09-15
245,Azad Edwin,Female,25,Mumbai,2025-10-30
246,Riya Sengupta,Female,43,Chennai,2025-04-20
247,Vanya Verma,Other,49,Mumbai,2024-02-15
248,Adah Amble,Other,20,Mumbai,2024-10-20
249,Indrans Bhatnagar,Other,34,Hyderabad,2024-02-26
250,Prerak Bajaj,Male,54,Delhi,2023-12-16
251,Bhavin Bassi,Other,35,Delhi,2024-01-05
252,Jayesh Date,Male,48,Delhi,2025-09-22
253,Arhaan Bera,Female,35,Bangalore,2025-07-16
254,Drishya Deo,Female,58,Mumbai,2024-02-26
255,Alisha Sarna,Female,40,Mumbai,2024-10-31
256,Tanya Dutt,Female,60,Hyderabad,2024-05-07
257,Ojas Dasgupta,Female,44,Mumbai,2024-09-15
258,Shray Lad,Other,43,Delhi,2024-01-01
259,Saksham Bansal,Female,23,Chennai,2024-08-09
260,Aaina Kari,Female,25,Mumbai,2025-05-04
261,Shaan Mahal,Male,60,Delhi,2025-03-12
262,Nishith Manne,Female,21,Bangalore,2025-05-08
263,Drishya Banik,Female,57,Mumbai,2025-08-26
264,Arhaan Dani,Female,21,Bangalore,2024-08-24
265,Lagan Goyal,Other,26,Chennai,2025-02-15
266,Neelofar Bera,Other,49,Hyderabad,2023-12-24
267,Tanya Bera,Other,56,Bangalore,2025-11-20
268,Parinaaz Shere,Male,37,Delhi,2023-12-09
269,Vritika Subramanian,Other,44,Hyderabad,2024-07-12
270,Veer Sane,Male,47,Hyderabad,2025-09-18
271,Jayant Chakrabarti,Male,49,Chennai,2025-04-29
272,Vritika Sheth,Other,35,Mumbai,2025-04-02
273,Prisha Rao,Female,33,Mumbai,2025-06-11
274,Aarush Baral,Male,42,Bangalore,2025-07-30
275,Kanav Shankar,Other,26,Hyderabad,2024-09-02
276,Jayant Kar,Female,39,Delhi,2024-08-24
277,Samarth Chaudhry,Male,36,Chennai,2025-07-18
278,Shayak Lad,Other,60,Mumbai,2024-04-25
279,Aniruddh Dhawan,Female,52,Mumbai,2024-11-12
280,Manikya Sarkar,Female,53,Delhi,2024-12-15
281,Renee Chandran,Female,38,Bangalore,2025-11-08
282,Indranil Vala,Male,54,Mumbai,2024-07-21
283,Divij Banik,Female,20,Chennai,2025-03-23
284,Kaira Soman,Other,42,Mumbai,2025-10-04
285,Tarini Garde,Other,27,Mumbai,2024-01-01
286,Nitya Srinivasan,Male,50,Delhi,2024-10-29
287,Aradhya Sahni,Male,46,Hyderabad,2025-05-16
288,Neysa Shenoy,Female,18,Bangalore,2025-01-17
289,Divij Gopal,Other,27,Hyderabad,2025-03-19
290,Advika Wali,Female,39,Delhi,2025-11-03
291,Anahita Mander,Female,59,Hyderabad,2024-10-26
292,Umang Kibe,Other,52,Mumbai,2024-10-14
293,Oorja Bhandari,Other,49,Delhi,2023-12-31
294,Trisha Ranganathan,Other,22,Bangalore,2025-09-01
295,Lagan Bose,Other,36,Bangalore,2024-02-25
296,Zeeshan Sinha,Female,24,Hyderabad,2025-02-21
297,Tushar Yogi,Male,37,Hyderabad,2024-01-11
298,Nirvaan Gaba,Female,21,Chennai,2024-11-26
299,Tushar Bassi,Female,45,Bangalore,2024-08-01
300,Mishti Sane,Other,44,Delhi,2025-10-23
301,Divij Lanka,Male,28,Bangalore,2024-02-13
302,Uthkarsh Bajaj,Other,42,Delhi,2025-10-24
303,Kashvi Chaudhry,Male,49,Delhi,2024-04-19
304,Adira Vasa,Male,47,Chennai,2025-03-09
305,Advika Issac,Female,60,Hyderabad,2025-03-15
306,Anya Garg,Female,52,Bangalore,2024-02-08
307,Dharmajan Lalla,Female,40,Delhi,2024-09-26
308,Lakshay Ratti,Other,45,Chennai,2025-03-06
309,Farhan Brar,Female,30,Mumbai,2025-04-02
310,Manikya Rajagopalan,Male,33,Mumbai,2025-07-02
311,Shray Krishna,Female,54,Chennai,2025-11-10
312,Riaan Garde,Female,19,Mumbai,2024-09-01
313,Drishya Ratta,Male,54,Hyderabad,2025-08-06
314,Shray Sabharwal,Other,49,Chennai,2024-07-17
315,Saksham Gopal,Other,40,Bangalore,2025-09-06
316,Eva Chokshi,Male,57,Chennai,2025-10-19
317,Eshani Tripathi,Other,60,Bangalore,2025-08-29
318,Raghav Choudhry,Male,58,Hyderabad,2024-10-06
319,Kartik Varughese,Female,20,Delhi,2024-12-02
320,Aarav Sawhney,Other,26,Hyderabad,2024-09-22
321,Vaibhav Dube,Female,44,Bangalore,2024-06-17
322,Keya Saraf,Male,52,Chennai,2025-05-21
323,Shayak Bose,Other,35,Bangalore,2024-08-14
324,Prerak Deshpande,Female,36,Chennai,2024-03-21
325,Mannat Bail,Female,22,Bangalore,2024-07-13
326,Zain Dora,Other,43,Delhi,2024-12-03
327,Madhav Borde,Male,43,Hyderabad,2024-08-21
328,Baiju Gill,Other,25,Mumbai,2024-12-06
329,Vihaan Kannan,Other,34,Delhi,2024-12-19
330,Nehmat Vora,Other,41,Hyderabad,2025-10-16
331,Seher Dora,Male,48,Hyderabad,2025-08-20
332,Sumer Garg,Other,38,Delhi,2024-07-08
333,Lakshit Tella,Other,22,Mumbai,2025-11-11
334,Ritvik Sidhu,Female,59,Mumbai,2024-03-23
335,Ira Dave,Male,20,Hyderabad,2024-10-01
336,Amani Cheema,Female,25,Hyderabad,2024-07-22
337,Anvi Gade,Other,26,Mumbai,2025-03-03
338,Dharmajan Krishnan,Female,60,Delhi,2025-01-27
339,Madhav Grover,Other,27,Mumbai,2025-09-25
340,Neysa Bhatt,Male,49,Delhi,2025-01-15
341,Yashvi Maharaj,Female,20,Chennai,2024-07-04
342,Shamik Jain,Female,46,Bangalore,2024-11-30
343,Dhanush Keer,Male,41,Delhi,2025-09-15
344,Manikya Karan,Female,21,Mumbai,2024-09-02
345,Mahika Dada,Male,25,Mumbai,2024-02-26
346,Veer Rajagopal,Other,31,Delhi,2023-12-16
347,Yasmin Ram,Male,39,Bangalore,2024-04-01
348,Mannat Arora,Other,31,Hyderabad,2025-06-14
349,Saira Dugar,Male,55,Bangalore,2024-07-20
350,Ela Kothari,Female,27,Delhi,2023-11-27
351,Reyansh Kari,Female,27,Bangalore,2025-05-31
352,Lakshit Talwar,Female,29,Hyderabad,2025-10-01
353,Abram Devi,Male,26,Hyderabad,2024-11-25
354,Jivin Dalal,Male,55,Chennai,2023-12-11
355,Jiya Lalla,Male,34,Hyderabad,2024-04-02
356,Neysa Gade,Other,44,Delhi,2024-03-20
357,Dhanuk Sabharwal,Other,22,Mumbai,2025-02-26
358,Gatik Chaudry,Female,50,Delhi,2024-03-15
359,Aaina Konda,Female,50,Bangalore,2025-08-15
360,Dishani Som,Male,60,Delhi,2024-09-28
361,Aarush Raja,Female,59,Hyderabad,2024-01-26
362,Uthkarsh Aurora,Female,43,Mumbai,2025-10-27
363,Tiya Sule,Male,49,Mumbai,2024-02-08
364,Prerak Raju,Male,38,Delhi,2024-04-24
365,Taran Khurana,Male,26,Chennai,2025-08-25
366,Yashvi Bhatia,Other,55,Delhi,2025-11-23
367,Tushar Mann,Female,42,Delhi,2025-05-21
368,Oorja Vyas,Female,47,Delhi,2025-08-05
369,Mamooty Lalla,Female,24,Hyderabad,2025-09-25
370,Vaibhav Luthra,Other,53,Bangalore,2025-02-07
371,Himmat Sathe,Female,32,Mumbai,2024-11-06
372,Neelofar Sha,Female,43,Mumbai,2024-03-01
373,Anvi Mannan,Female,45,Chennai,2025-10-06
374,Azad Dara,Female,41,Bangalore,2025-10-28
375,Nirvaan Tiwari,Female,22,Hyderabad,2024-02-20
376,Hrishita Varma,Male,45,Hyderabad,2024-12-10
377,Kiara Bal,Male,53,Hyderabad,2025-07-17
378,Nitya Sandhu,Other,53,Chennai,2025-10-11
379,Vivaan Barman,Male,44,Chennai,2025-10-06
380,Kashvi Rajan,Female,21,Chennai,2025-07-31
381,Vedika Bhakta,Female,40,Hyderabad,2025-07-08
382,Ivana Golla,Other,31,Bangalore,2025-09-27
383,Himmat Ram,Female,32,Hyderabad,2024-11-17
384,Samar Chaudry,Other,41,Hyderabad,2024-09-05
385,Saksham Sule,Other,32,Mumbai,2025-06-21
386,Mehul Babu,Other,57,Delhi,2023-12-21
387,Lagan Sinha,Other,60,Chennai,2023-12-24
388,Arnav Dhaliwal,Male,35,Chennai,2024-11-06
389,Aarush Ratta,Female,18,Bangalore,2024-04-19
390,Zeeshan Talwar,Other,60,Mumbai,2024-02-04
391,Bhamini Bava,Male,58,Hyderabad,2024-02-26
392,Mannat Swaminathan,Other,51,Bangalore,2024-12-14
393,Indrajit Tara,Female,47,Chennai,2024-05-04
394,Diya Sridhar,Female,37,Chennai,2025-06-28
395,Rati Chhabra,Other,23,Hyderabad,2024-05-02
396,Damini Dhawan,Male,57,Hyderabad,2025-10-15
397,Anaya Rattan,Male,35,Mumbai,2025-10-02
398,Ritvik Bhatnagar,Female,49,Delhi,2025-02-19
399,Keya Mann,Female,35,Bangalore,2025-05-02
400,Adira Verma,Male,40,Mumbai,2024-03-17
401,Kanav Sehgal,Female,55,Mumbai,2025-05-17
402,Azad Sachar,Other,37,Hyderabad,2024-07-07
403,Anahi Mand,Female,56,Hyderabad,2023-12-02
404,Manikya Saha,Male,37,Bangalore,2024-04-13
405,Mannat Rau,Female,36,Chennai,2024-03-26
406,Raghav Sharaf,Male,49,Mumbai,2024-05-22
407,Gokul Vaidya,Male,42,Delhi,2025-11-14
408,Aarav Sant,Male,50,Delhi,2025-10-09
409,Inaaya  Hayre,Female,22,Mumbai,2024-01-07
410,Yashvi Bhavsar,Female,19,Mumbai,2024-02-12
411,Jivika Karpe,Female,54,Mumbai,2025-07-04
412,Sara Raj,Female,58,Mumbai,2024-09-16
413,Jayan Rege,Male,43,Hyderabad,2024-10-22
414,Trisha Ravel,Male,57,Mumbai,2025-10-31
415,Darshit Tella,Female,23,Mumbai,2024-03-12
416,Nishith Kara,Male,45,Delhi,2025-01-08
417,Tiya Deol,Other,23,Mumbai,2024-10-07
418,Ivan Madan,Other,39,Bangalore,2024-10-31
419,Fateh Konda,Male,22,Delhi,2025-09-03
420,Rhea Kala,Male,51,Delhi,2024-06-10
421,Seher Jhaveri,Female,40,Bangalore,2024-07-23
422,Sumer Walia,Male,27,Chennai,2024-06-14
423,Dishani Bora,Male,56,Bangalore,2025-09-26
424,Kabir Chhabra,Male,29,Mumbai,2025-03-14
425,Dhanuk Bassi,Other,55,Mumbai,2025-10-22
426,Jayan Ahuja,Other,59,Delhi,2024-10-20
427,Vedika Ahluwalia,Other,38,Bangalore,2025-02-17
428,Diya Bansal,Male,48,Mumbai,2025-09-01
429,Pranay Sule,Female,35,Delhi,2024-01-21
430,Ranbir Gokhale,Female,50,Hyderabad,2024-10-07
431,Yakshit Jayaraman,Female,46,Hyderabad,2024-01-22
432,Vanya Ramaswamy,Female,36,Hyderabad,2025-09-15
433,Miraan Saini,Male,57,Delhi,2025-04-27
434,Diya Ahluwalia,Female,47,Delhi,2025-06-14
435,Anay Chaudhari,Other,20,Mumbai,2025-07-02
436,Riya Ahluwalia,Other,30,Chennai,2025-08-05
437,Ivana Choudhry,Female,50,Bangalore,2024-01-27
438,Yuvaan Keer,Female,24,Chennai,2024-02-19
439,Advik Badal,Other,59,Bangalore,2024-01-04
440,Nitya Sundaram,Male,46,Mumbai,2025-05-14
441,Siya Krishnamurthy,Other,57,Bangalore,2024-12-01
442,Bhamini Basu,Female,36,Mumbai,2025-01-16
443,Ryan Kapadia,Female,56,Hyderabad,2025-09-01
444,Vritika Dayal,Other,39,Hyderabad,2024-10-27
445,Tiya Barad,Male,53,Mumbai,2024-09-10
446,Aniruddh Kara,Female,60,Delhi,2024-04-26
447,Baiju Saraf,Female,23,Delhi,2025-10-04
448,Jiya Lad,Male,40,Chennai,2025-09-26
449,Jayan Bumb,Other,60,Mumbai,2024-04-05
450,Riya Golla,Other,23,Chennai,2025-06-19
